dairi	dairi	18811
ebifurya	ebifurya	6669
crote	crote	6449
ruu_(tksymkw)	ruu_(tksymkw)	5953
bkub	bkub	5893
itomugi-kun	itomugi-kun	5857
hammer_(sunset_beach)	hammer_(sunset_beach)	5633
haruyama_kazunori	haruyama_kazunori	5282
inoino	inoino	4846
kou_hiyoyo	kou_hiyoyo	4701
kanon_(kurogane_knights)	kanon_(kurogane_knights)	4649
yaegashi_nan	yaegashi_nan	4602
rebecca_(keinelove)	rebecca_(keinelove)	4401
mizuki_hitoshi	mizuki_hitoshi	4384
kouji_(campus_life)	kouji_(campus_life)	4352
shiromochi_sakura	shiromochi_sakura	4076
tani_takeshi	tani_takeshi	3989
hara_(harayutaka)	hara_(harayutaka)	3918
naga_u	naga_u	3899
ojipon	ojipon	3899
matsunaga_kouyou	matsunaga_kouyou	3574
pageratta	pageratta	3572
hiroki_(yyqw7151)	hiroki_(yyqw7151)	3483
boris_(noborhys)	boris_(noborhys)	3445
onikobe_rin	onikobe_rin	3283
yohane	yohane	3258
bow_(bhp)	bow_(bhp)	3232
blade_(galaxist)	blade_(galaxist)	3212
tony_taka	tony_taka	3177
a1_(initial-g)	a1_(initial-g)	3139
hana_kazari	hana_kazari	3119
futa_(nabezoko)	futa_(nabezoko)	3099
matsuo_yukihiro	matsuo_yukihiro	3044
gomashio_(goma_feet)	gomashio_(goma_feet)	3037
ixy	ixy	3030
saitou_natsuki	saitou_natsuki	2997
bb_(baalbuddy)	bb_(baalbuddy)	2985
m-da_s-tarou	m-da_s-tarou	2972
chihuri	chihuri	2965
ido_(teketeke)	ido_(teketeke)	2943
hews	hews	2939
mitarashi_neko	mitarashi_neko	2920
jun_(navigavi)	jun_(navigavi)	2895
hungry_clicker	hungry_clicker	2893
huke	huke	2841
nyantcha	nyantcha	2840
dagasi	dagasi	2831
ramchi	ramchi	2785
hisahiko	hisahiko	2782
sincos	sincos	2782
mizumizuni	mizumizuni	2774
dd_(ijigendd)	dd_(ijigendd)	2764
drawfag	drawfag	2744
tsukudani_(coke-buta)	tsukudani_(coke-buta)	2730
tsuruse	tsuruse	2728
minaba_hideo	minaba_hideo	2676
colorful_palette	colorful_palette	2675
zounose	zounose	2675
kirisawa_juuzou	kirisawa_juuzou	2673
qp:flapper	qp:flapper	2671
youyume-kun	youyume-kun	2665
takafumi	takafumi	2646
horosuke	horosuke	2623
namori	namori	2617
rariatto_(ganguri)	rariatto_(ganguri)	2549
carnelian	carnelian	2545
kato_takuji	kato_takuji	2523
abubu	abubu	2511
houtengeki	houtengeki	2487
kantoku	kantoku	2480
nanashi_(nlo)	nanashi_(nlo)	2460
avogado6	avogado6	2458
warugaki_(sk-ii)	warugaki_(sk-ii)	2458
kani_biimu	kani_biimu	2444
hamu_koutarou	hamu_koutarou	2440
rokugou_daisuke	rokugou_daisuke	2440
shiseki_hirame	shiseki_hirame	2424
ebora	ebora	2416
milkpanda	milkpanda	2409
slugbox	slugbox	2409
maru_(marg0613)	maru_(marg0613)	2399
tsukishiro_saika	tsukishiro_saika	2382
ichimi	ichimi	2370
gweda	gweda	2364
hisona_(suaritesumi)	hisona_(suaritesumi)	2357
yukie_(kusaka_shi)	yukie_(kusaka_shi)	2356
torotei	torotei	2306
iesupa	iesupa	2301
neocoill	neocoill	2299
koyama_shigeru	koyama_shigeru	2288
izumi_tsubasu	izumi_tsubasu	2275
sofra	sofra	2266
anti_(untea9)	anti_(untea9)	2265
shino_(ponjiyuusu)	shino_(ponjiyuusu)	2264
gonzarez	gonzarez	2253
konoshige_(ryuun)	konoshige_(ryuun)	2245
yua_(checkmate)	yua_(checkmate)	2244
tsunako	tsunako	2237
kouno_(masao)	kouno_(masao)	2223
usashiro_mani	usashiro_mani	2207
kanikama	kanikama	2202
menma_(enaic31)	menma_(enaic31)	2191
takeuchi_takashi	takeuchi_takashi	2173
belko	belko	2159
ueyama_michirou	ueyama_michirou	2159
echo_(circa)	echo_(circa)	2148
diva_(hyxpk)	diva_(hyxpk)	2136
hinghoi	hinghoi	2128
wa_(genryusui)	wa_(genryusui)	2128
ginhaha	ginhaha	2116
nekotoufu	nekotoufu	2104
null_(nyanpyoun)	null_(nyanpyoun)	2098
hizaka	hizaka	2096
onigirikun	onigirikun	2079
toosaka_asagi	toosaka_asagi	2078
sumiyao_(amam)	sumiyao_(amam)	2074
kotomaru_(kotokoto_kottan)	kotomaru_(kotokoto_kottan)	2071
heripantomorrow	heripantomorrow	2069
sayori_(neko_works)	sayori_(neko_works)	2066
chigusa_minori	chigusa_minori	2054
yamamoto_souichirou	yamamoto_souichirou	2043
kurukurumagical	kurukurumagical	2041
miyo_(ranthath)	miyo_(ranthath)	2021
agawa_ryou	agawa_ryou	2013
zen_(kamuro)	zen_(kamuro)	2010
tsuda_nanafushi	tsuda_nanafushi	2001
takiki	takiki	1998
kanduki_kamibukuro	kanduki_kamibukuro	1992
taisa_(kari)	taisa_(kari)	1989
yuuhagi_(amaretto-no-natsu)	yuuhagi_(amaretto-no-natsu)	1987
haruhisky	haruhisky	1986
yuuji_(and)	yuuji_(and)	1982
fujima_takuya	fujima_takuya	1970
fumihiko_(fu_mihi_ko)	fumihiko_(fu_mihi_ko)	1962
tomose_shunsaku	tomose_shunsaku	1957
clearite	clearite	1942
ayu_(mog)	ayu_(mog)	1936
rotte_(1109)	rotte_(1109)	1929
saiguchi_otoufu	saiguchi_otoufu	1924
afrobull	afrobull	1923
juukyuu	juukyuu	1923
kaamin_(mariarose753)	kaamin_(mariarose753)	1914
mattaku_mousuke	mattaku_mousuke	1910
horideiyasumi	horideiyasumi	1905
kashikaze	kashikaze	1905
kanade_(kanade_3344)	kanade_(kanade_3344)	1903
beni_shake	beni_shake	1897
buzzlyears	buzzlyears	1897
ichikawa_feesu	ichikawa_feesu	1884
yd_(orange_maru)	yd_(orange_maru)	1884
piyodera_mucha	piyodera_mucha	1883
enkyo_yuuichirou	enkyo_yuuichirou	1861
mochi_au_lait	mochi_au_lait	1858
dikko	dikko	1857
kitsunerider	kitsunerider	1852
daram_(shappydude)	daram_(shappydude)	1843
lolita_channel	lolita_channel	1830
imu_sanjo	imu_sanjo	1818
kawaanago	kawaanago	1814
personal_ami	personal_ami	1811
nikorashi-ka	nikorashi-ka	1802
dokomon	dokomon	1796
koruri	koruri	1792
mizuki_makoto	mizuki_makoto	1777
dishwasher1910	dishwasher1910	1765
nonohara_miki	nonohara_miki	1754
ohisashiburi	ohisashiburi	1752
kaigen_1025	kaigen_1025	1750
tukiwani	tukiwani	1749
kamille_(vcx68)	kamille_(vcx68)	1747
niliu_chahui	niliu_chahui	1747
wanta_(futoshi)	wanta_(futoshi)	1739
ini_(inunabe00)	ini_(inunabe00)	1738
minami_(colorful_palette)	minami_(colorful_palette)	1738
stanley_lau	stanley_lau	1729
yuichirou	yuichirou	1728
shimada_fumikane	shimada_fumikane	1724
matsuryuu	matsuryuu	1718
ishikei	ishikei	1716
merunyaa	merunyaa	1716
aaaa_(quad-a)	aaaa_(quad-a)	1708
piromizu	piromizu	1708
fusu_(a95101221)	fusu_(a95101221)	1706
fuuzasa	fuuzasa	1702
mauve	mauve	1702
goma_(gomasamune)	goma_(gomasamune)	1699
kasumi_(skchkko)	kasumi_(skchkko)	1689
jako_(jakoo21)	jako_(jakoo21)	1688
ma_rukan	ma_rukan	1687
shirosato	shirosato	1686
happy_elements	happy_elements	1681
shiromanta	shiromanta	1676
xinzoruo	xinzoruo	1676
mery_(yangmalgage)	mery_(yangmalgage)	1675
e.o.	e.o.	1673
kankan33333	kankan33333	1664
agahari	agahari	1663
sorimachi-doufu	sorimachi-doufu	1663
oouso	oouso	1660
rappa_(rappaya)	rappa_(rappaya)	1659
ilya_kuvshinov	ilya_kuvshinov	1654
kamitsurugi_ouka	kamitsurugi_ouka	1650
kaiman_garupan	kaiman_garupan	1649
murakami_suigun	murakami_suigun	1648
yuureidoushi_(yuurei6214)	yuureidoushi_(yuurei6214)	1646
a_re	a_re	1642
asanagi	asanagi	1640
chanta_(ayatakaoisii)	chanta_(ayatakaoisii)	1640
samneco	samneco	1640
kujou_karasuma	kujou_karasuma	1638
ikeuchi_tanuma	ikeuchi_tanuma	1637
satou_kuuki	satou_kuuki	1635
karukan_(monjya)	karukan_(monjya)	1634
creayus	creayus	1633
gurande_(g-size)	gurande_(g-size)	1633
k-suwabe	k-suwabe	1632
mk_(mod0)	mk_(mod0)	1632
pokemoa	pokemoa	1630
kinkymation	kinkymation	1629
yunamaro	yunamaro	1628
ebi_193	ebi_193	1624
b-ginga	b-ginga	1623
kirishima_satoshi	kirishima_satoshi	1617
seraziel	seraziel	1610
waterring	waterring	1603
shimazaki_mujirushi	shimazaki_mujirushi	1596
oryo_(oryo04)	oryo_(oryo04)	1595
phantom_cross	phantom_cross	1592
ogami_kazuki	ogami_kazuki	1590
yukito_(dreamrider)	yukito_(dreamrider)	1585
butcha-u	butcha-u	1584
eromame	eromame	1577
momoko_(momopoco)	momoko_(momopoco)	1570
chikuwa.	chikuwa.	1569
sheya	sheya	1568
bubukka	bubukka	1567
cle_masahiro	cle_masahiro	1563
lets0020	lets0020	1562
ha_akabouzu	ha_akabouzu	1561
cougar_(cougar1404)	cougar_(cougar1404)	1553
ajitarou_(setsu)	ajitarou_(setsu)	1552
kawamochi_(kawauti919)	kawamochi_(kawauti919)	1549
asteroid_ill	asteroid_ill	1548
asutora	asutora	1544
waero	waero	1542
as109	as109	1535
izawa_(bhive003)	izawa_(bhive003)	1532
fumio_(rsqkr)	fumio_(rsqkr)	1531
katahira_masashi	katahira_masashi	1531
riyo_(lyomsnpmp)	riyo_(lyomsnpmp)	1524
aldehyde	aldehyde	1522
sakura_oriko	sakura_oriko	1521
nori_tamago	nori_tamago	1519
kahasina_(moment_silicon)	kahasina_(moment_silicon)	1518
hori_(hori_no_su)	hori_(hori_no_su)	1515
kame_(kamepan44231)	kame_(kamepan44231)	1515
mikozin	mikozin	1513
cutesexyrobutts	cutesexyrobutts	1512
kuromiya	kuromiya	1511
furaggu_(frag_0416)	furaggu_(frag_0416)	1508
mitya	mitya	1503
jjune	jjune	1500
ouchi_kaeru	ouchi_kaeru	1497
otokuyou	otokuyou	1496
rororo	rororo	1496
ito_noizi	ito_noizi	1495
gibagiba	gibagiba	1490
mizuhara_aki	mizuhara_aki	1490
moisture_(chichi)	moisture_(chichi)	1490
tonda	tonda	1489
horn/wood	horn/wood	1488
mishima_kurone	mishima_kurone	1486
tonee	tonee	1485
yukitake_(bullfalk)	yukitake_(bullfalk)	1482
suzuhira_hiro	suzuhira_hiro	1479
mikage_takashi	mikage_takashi	1471
kanzakietc	kanzakietc	1469
yoshi_tama	yoshi_tama	1465
yopparai_oni	yopparai_oni	1463
happoubi_jin	happoubi_jin	1462
homare_(fool's_art)	homare_(fool's_art)	1461
meito_(maze)	meito_(maze)	1459
kuavera	kuavera	1456
mizumoto_tadashi	mizumoto_tadashi	1455
jmg	jmg	1449
harris_hero	harris_hero	1448
moyazou_(kitaguni_moyashi_seizoujo)	moyazou_(kitaguni_moyashi_seizoujo)	1448
beer_hsk	beer_hsk	1447
sky-freedom	sky-freedom	1444
cato_(monocatienus)	cato_(monocatienus)	1443
dr_rex	dr_rex	1443
sekina	sekina	1440
kilye_kairi	kilye_kairi	1439
isshiki_(ffmania7)	isshiki_(ffmania7)	1438
swd3e2	swd3e2	1431
himura_kiseki	himura_kiseki	1427
re_ghotion	re_ghotion	1427
cait_aron	cait_aron	1422
watanabe_akio	watanabe_akio	1422
tk8d32	tk8d32	1421
himajin_noizu	himajin_noizu	1420
rino_cnc	rino_cnc	1420
kase_daiki	kase_daiki	1415
jcm2	jcm2	1413
ootsuki_wataru	ootsuki_wataru	1413
optionaltypo	optionaltypo	1407
kairunoburogu	kairunoburogu	1402
tf_cafe	tf_cafe	1401
yomu_(sgt_epper)	yomu_(sgt_epper)	1399
kukie-nyan	kukie-nyan	1398
akairiot	akairiot	1397
jokanhiyou	jokanhiyou	1397
elf_(stroll_in_the_woods)	elf_(stroll_in_the_woods)	1396
asamura_hiori	asamura_hiori	1394
mozukuzu_(manukedori)	mozukuzu_(manukedori)	1394
yanyo_(ogino_atsuki)	yanyo_(ogino_atsuki)	1391
akitsuki_karasu	akitsuki_karasu	1390
dandon_fuga	dandon_fuga	1386
niwatazumi	niwatazumi	1385
mossacannibalis	mossacannibalis	1383
satou_kibi	satou_kibi	1381
youko-shima	youko-shima	1381
odawara_hakone	odawara_hakone	1379
ru_zhai	ru_zhai	1378
fujigaya_arctia	fujigaya_arctia	1377
cedar_(cedar_japonica)	cedar_(cedar_japonica)	1375
ririko_(zhuoyandesailaer)	ririko_(zhuoyandesailaer)	1374
bigrbear	bigrbear	1367
engiyoshi	engiyoshi	1364
comodox	comodox	1360
imizu_(nitro_unknown)	imizu_(nitro_unknown)	1360
meow_(nekodenki)	meow_(nekodenki)	1360
nishi_koutarou	nishi_koutarou	1360
pentagon_(railgun_ky1206)	pentagon_(railgun_ky1206)	1359
ama_mitsuki	ama_mitsuki	1357
makuwauri	makuwauri	1352
lack	lack	1348
abmayo	abmayo	1346
niiko_(gonnzou)	niiko_(gonnzou)	1346
nanase_nao	nanase_nao	1344
uccow	uccow	1344
aestheticc-meme	aestheticc-meme	1343
yabuki_kentarou	yabuki_kentarou	1338
eudetenis	eudetenis	1336
negom	negom	1336
oekakizuki	oekakizuki	1334
sakiecho	sakiecho	1334
kopaka_(karda_nui)	kopaka_(karda_nui)	1329
maturiuta_sorato	maturiuta_sorato	1329
gmkj	gmkj	1322
lee_(dragon_garou)	lee_(dragon_garou)	1322
bee_(deadflow)	bee_(deadflow)	1321
karaagetarou	karaagetarou	1321
kanpa_(campagne_9)	kanpa_(campagne_9)	1319
syhan	syhan	1318
misaki_kurehito	misaki_kurehito	1317
milkshakework	milkshakework	1316
merryweather	merryweather	1313
dei_shirou	dei_shirou	1310
masukuza_j	masukuza_j	1310
saku_usako_(rabbit)	saku_usako_(rabbit)	1307
serizawa_serizane	serizawa_serizane	1307
sakazaki_freddy	sakazaki_freddy	1305
frapowa	frapowa	1304
foxyreine	foxyreine	1303
ikuchan_kaoru	ikuchan_kaoru	1300
jazz_jack	jazz_jack	1300
wakabayashi_toshiya	wakabayashi_toshiya	1300
suzuki_toto	suzuki_toto	1297
kashiwamochi_yomogi	kashiwamochi_yomogi	1296
harada_takehito	harada_takehito	1294
hidefu_kitayan	hidefu_kitayan	1290
obiwan	obiwan	1288
jack_dempa	jack_dempa	1287
tima	tima	1285
meyoco	meyoco	1283
yokochou	yokochou	1283
kishida_mel	kishida_mel	1279
gomennasai	gomennasai	1278
unasaka_ryou	unasaka_ryou	1278
yamashita_shun'ya	yamashita_shun'ya	1277
unya	unya	1276
yano_toshinori	yano_toshinori	1274
nii_manabu	nii_manabu	1271
scottie_(phantom2)	scottie_(phantom2)	1270
suujiniku	suujiniku	1270
ayamy	ayamy	1269
yoshio_(55level)	yoshio_(55level)	1269
mikeou	mikeou	1267
tanabe_(fueisei)	tanabe_(fueisei)	1266
jinguu_(4839ms)	jinguu_(4839ms)	1264
kazuma_muramasa	kazuma_muramasa	1259
gaoo_(frpjx283)	gaoo_(frpjx283)	1258
zyugoya	zyugoya	1258
ryuuichi_(f_dragon)	ryuuichi_(f_dragon)	1257
noai_nioshi	noai_nioshi	1256
rtil	rtil	1256
colonel_aki	colonel_aki	1252
hizuki_yayoi	hizuki_yayoi	1252
hotathino	hotathino	1251
ootomo_takuji	ootomo_takuji	1251
zanntetu	zanntetu	1251
92m	92m	1250
momo_no_sukebe	momo_no_sukebe	1250
kaisen_chuui	kaisen_chuui	1249
gunjyou_(gunjyou_00)	gunjyou_(gunjyou_00)	1248
takato_kurosuke	takato_kurosuke	1247
kotatsu-mazoku	kotatsu-mazoku	1246
suhamaya	suhamaya	1245
nanakusa_suzuna	nanakusa_suzuna	1244
satou_yuuki	satou_yuuki	1244
miyagoe_yoshitsuki	miyagoe_yoshitsuki	1243
takeuchi_ryousuke	takeuchi_ryousuke	1242
eu03	eu03	1241
massakasama	massakasama	1240
seo_tatsuya	seo_tatsuya	1238
serebi_ryousangata	serebi_ryousangata	1232
urushihara_satoshi	urushihara_satoshi	1232
kawayabug	kawayabug	1231
tanaka_kusao	tanaka_kusao	1229
taromarun	taromarun	1229
kazenokaze	kazenokaze	1228
ban!_(bansankan)	ban!_(bansankan)	1227
kagami_hirotaka	kagami_hirotaka	1225
pote_(ptkan)	pote_(ptkan)	1225
lpip	lpip	1222
ninahachi	ninahachi	1220
aoki_(fumomo)	aoki_(fumomo)	1217
niwarhythm	niwarhythm	1216
tsubobot	tsubobot	1216
engo_(aquawatery)	engo_(aquawatery)	1214
mitsumoto_jouji	mitsumoto_jouji	1214
nise_dorothia	nise_dorothia	1213
gofu	gofu	1211
koto_inari	koto_inari	1211
masuyama_ryou	masuyama_ryou	1210
oyari_ashito	oyari_ashito	1209
fu-ta	fu-ta	1205
riichu	riichu	1205
peso_(cheese_company)	peso_(cheese_company)	1202
em_(totsuzen_no_hakike)	em_(totsuzen_no_hakike)	1201
ulrich_(tagaragakuin)	ulrich_(tagaragakuin)	1200
chan_co	chan_co	1199
kichihachi	kichihachi	1196
reia_76	reia_76	1195
umanosuke	umanosuke	1195
hellandheaven	hellandheaven	1193
utano	utano	1191
rinka_(qqqrinkappp)	rinka_(qqqrinkappp)	1190
pipi_(m1x_mix)	pipi_(m1x_mix)	1189
yukimoto_shuuji_(gurigura)	yukimoto_shuuji_(gurigura)	1189
mudou_eichi	mudou_eichi	1185
kurikara	kurikara	1184
minakami_(flyingman555)	minakami_(flyingman555)	1182
moke_ro	moke_ro	1182
mamerakkkkko	mamerakkkkko	1181
mota	mota	1181
nironiro	nironiro	1181
kloah	kloah	1180
kutan	kutan	1177
ikari_manatsu	ikari_manatsu	1173
misumi_(macaroni)	misumi_(macaroni)	1171
aoshima	aoshima	1169
minato_ojitan	minato_ojitan	1169
papa_(shimeguru)	papa_(shimeguru)	1169
6_(yuchae)	6_(yuchae)	1168
tandohark	tandohark	1168
fuzichoco	fuzichoco	1167
kiritto	kiritto	1167
peach88	peach88	1166
magukappu	magukappu	1163
rokuwata_tomoe	rokuwata_tomoe	1162
spacezin	spacezin	1162
sousouman	sousouman	1161
tokkakyou	tokkakyou	1161
sakuraba_yuuki	sakuraba_yuuki	1160
sakiyamama	sakiyamama	1158
pochimaru_(marumaru_wanwan)	pochimaru_(marumaru_wanwan)	1154
shengtian	shengtian	1154
goma_(yoku_yatta_hou_jane)	goma_(yoku_yatta_hou_jane)	1153
haimura_kiyotaka	haimura_kiyotaka	1153
iizuki_tasuku	iizuki_tasuku	1153
morino_hon	morino_hon	1150
akara_kai	akara_kai	1148
kemachiku	kemachiku	1147
meremero	meremero	1147
kamogawa_tanuki	kamogawa_tanuki	1145
okpriko	okpriko	822
nodachi_(nodati51)	nodachi_(nodati51)	819
kiri_futoshi	kiri_futoshi	818
abe_kanari	abe_kanari	815
nishikujic	nishikujic	815
socha	socha	815
qiandaiyiyu	qiandaiyiyu	814
sen_(astronomy)	sen_(astronomy)	814
henyaan_(oreizm)	henyaan_(oreizm)	813
miclot	miclot	812
mazjojo	mazjojo	811
momiji_mao	momiji_mao	811
kawata_hisashi	kawata_hisashi	810
migolu	migolu	810
pochincoff	pochincoff	810
yu-ta	yu-ta	810
9rimson	9rimson	809
hyde_(tabakko)	hyde_(tabakko)	809
miwa_shirow	miwa_shirow	808
nagishiro_mito	nagishiro_mito	808
nanoless	nanoless	808
infinote	infinote	807
poronegi	poronegi	807
alp	alp	806
amazon_(taitaitaira)	amazon_(taitaitaira)	806
tama_(tamago)	tama_(tamago)	806
mutsuki_(moonknives)	mutsuki_(moonknives)	805
namaniku_atk	namaniku_atk	805
radishkek	radishkek	804
takahashi_kurage	takahashi_kurage	804
chacharan	chacharan	803
daaku_(koizumi_arata)	daaku_(koizumi_arata)	803
kojima_saya	kojima_saya	802
lemon89h	lemon89h	802
riz	riz	802
diesel-turbo	diesel-turbo	801
m.m	m.m	801
hirasaka_makoto	hirasaka_makoto	800
noah_(tettsui-sole)	noah_(tettsui-sole)	800
rioshi	rioshi	800
takepoison	takepoison	799
onyhakase	onyhakase	798
wakura_(gcdan)	wakura_(gcdan)	798
hightguy	hightguy	796
sumeragi_kohaku	sumeragi_kohaku	796
tab_head	tab_head	796
themaestronoob	themaestronoob	796
echj	echj	795
huhi_(huhi_1211)	huhi_(huhi_1211)	795
kozaki_yuusuke	kozaki_yuusuke	795
seramikku	seramikku	795
tenshin_amaguri_(inobeeto)	tenshin_amaguri_(inobeeto)	795
mukakin	mukakin	794
muuran	muuran	794
sakimori_(hououbds)	sakimori_(hououbds)	794
kumadano	kumadano	793
nogi_takayoshi	nogi_takayoshi	793
rakeemspoon	rakeemspoon	793
sakimori_dan	sakimori_dan	793
mina_cream	mina_cream	792
soon_(c-u-soon)	soon_(c-u-soon)	792
yakob_labo	yakob_labo	792
elfenlied22	elfenlied22	791
omar_dogan	omar_dogan	791
seiru_(prairie)	seiru_(prairie)	791
ao_banana	ao_banana	790
bacius	bacius	790
hajika	hajika	790
shinanoya_(satanicad)	shinanoya_(satanicad)	790
ekrea_jan	ekrea_jan	789
karory	karory	789
kasuga_yukihito	kasuga_yukihito	789
koutaro	koutaro	789
kamukamu_(ars)	kamukamu_(ars)	788
tsukiyo_(skymint)	tsukiyo_(skymint)	788
kurokoshou_(emuburemu123)	kurokoshou_(emuburemu123)	787
lazyartlazy12	lazyartlazy12	787
orphen_(pink_seito)	orphen_(pink_seito)	787
ramudia_(lamyun)	ramudia_(lamyun)	787
takanashi_kei_(hitsujikan)	takanashi_kei_(hitsujikan)	787
ideolo	ideolo	786
betanonbeet	betanonbeet	785
katou_shinobu	katou_shinobu	785
nannacy7	nannacy7	785
kiku_hitomoji	kiku_hitomoji	784
kotoyama	kotoyama	784
musouzuki	musouzuki	784
yappen	yappen	784
daizu_(melon-lemon)	daizu_(melon-lemon)	783
yonu_(yonurime)	yonu_(yonurime)	783
kimmy77	kimmy77	782
munmu-san	munmu-san	782
fumitan_(humitan)	fumitan_(humitan)	780
kawai_ritsu_(rits_meg)	kawai_ritsu_(rits_meg)	780
kobayashi_chisato	kobayashi_chisato	780
neon-tetora	neon-tetora	779
derauea	derauea	778
shirotsumekusa	shirotsumekusa	778
tasaka_shinnosuke	tasaka_shinnosuke	778
givuchoko	givuchoko	777
hairu	hairu	777
hatano_kiyoshi	hatano_kiyoshi	777
mawaru_(mawaru)	mawaru_(mawaru)	777
tori_(minamopa)	tori_(minamopa)	777
ukata	ukata	777
ancesra	ancesra	776
reverse_(bluefencer)	reverse_(bluefencer)	776
yashin_(yasinz)	yashin_(yasinz)	776
ebinku	ebinku	775
gazing_eye	gazing_eye	775
miyasu_risa	miyasu_risa	774
nollety	nollety	774
yonedatomo_mizu	yonedatomo_mizu	774
harusame_(unmei_no_ikasumi)	harusame_(unmei_no_ikasumi)	773
kajimakoto	kajimakoto	773
akino_ell	akino_ell	772
onija_tarou	onija_tarou	772
somebody_(leiking00)	somebody_(leiking00)	772
binsen	binsen	771
kitahara_tomoe_(kitahara_koubou)	kitahara_tomoe_(kitahara_koubou)	771
kuya_(hey36253625)	kuya_(hey36253625)	771
yuuma_(skirthike)	yuuma_(skirthike)	771
ishigaki_takashi	ishigaki_takashi	770
aurahack	aurahack	769
konno_tohiro	konno_tohiro	769
sousou_(sousouworks)	sousou_(sousouworks)	769
eretto	eretto	768
kokaki_mumose	kokaki_mumose	768
yukia_(firstaid0)	yukia_(firstaid0)	768
fuukadia_(narcolepsy)	fuukadia_(narcolepsy)	767
mashuu_masaki	mashuu_masaki	767
misumi_(niku-kyu)	misumi_(niku-kyu)	767
nitamako_(sakamalh)	nitamako_(sakamalh)	767
redi_(rasec_asdjh)	redi_(rasec_asdjh)	767
yuto_(dialique)	yuto_(dialique)	767
at_classics	at_classics	766
cromachina	cromachina	766
saki_chisuzu	saki_chisuzu	766
taketora_suzume	taketora_suzume	766
nyong_nyong	nyong_nyong	764
pochi_(pochi-goya)	pochi_(pochi-goya)	764
gogiga_gagagigo	gogiga_gagagigo	763
jeneral	jeneral	763
nanaroku_(fortress76)	nanaroku_(fortress76)	763
poprication	poprication	763
seki_(red_shine)	seki_(red_shine)	763
tanaka_ryou	tanaka_ryou	763
yuri_kyanon	yuri_kyanon	763
michairu	michairu	762
kotoba_noriaki	kotoba_noriaki	761
mushi024	mushi024	761
eufoniuz	eufoniuz	760
greenteaneko	greenteaneko	760
mokufuu	mokufuu	759
techi_(techi35499)	techi_(techi35499)	758
gazacy_(dai)	gazacy_(dai)	757
haru_(konomi_150)	haru_(konomi_150)	757
satou_shouji	satou_shouji	757
michii_yuuki	michii_yuuki	756
mizuumi_(bb)	mizuumi_(bb)	756
kararage_tsune	kararage_tsune	755
pudgeruffian	pudgeruffian	755
shiratama_(hockey)	shiratama_(hockey)	755
takana_shinno	takana_shinno	755
takatsuki_ichi	takatsuki_ichi	755
yoi_naosuke	yoi_naosuke	755
vilde_loh_hocen	vilde_loh_hocen	754
waligner	waligner	754
kamikiririp	kamikiririp	753
kunabishi	kunabishi	753
masami_chie	masami_chie	753
wokada	wokada	753
centurii-chan	centurii-chan	752
morikura_en	morikura_en	752
tsukumo_(soar99)	tsukumo_(soar99)	752
23_(real_xxiii)	23_(real_xxiii)	751
chamaji	chamaji	751
ddolbang	ddolbang	751
shirokuma_a	shirokuma_a	751
nakahira_guy	nakahira_guy	750
udon_(shiratama)	udon_(shiratama)	750
kotobuki_(tiny_life)	kotobuki_(tiny_life)	749
glassy0302	glassy0302	748
hxd	hxd	748
kisetsu	kisetsu	748
osashin_(osada)	osashin_(osada)	748
redcomet	redcomet	748
sakimiya_(inschool)	sakimiya_(inschool)	748
takashia	takashia	748
montemasa	montemasa	747
nigou	nigou	747
noriuma	noriuma	747
ponzu_rui	ponzu_rui	747
aile_(crossroads)	aile_(crossroads)	746
funamusea_(artist)	funamusea_(artist)	746
woodonly	woodonly	746
wss_(nicoseiga19993411)	wss_(nicoseiga19993411)	746
maki_(seventh_heaven_maxion)	maki_(seventh_heaven_maxion)	745
nagami_yuu	nagami_yuu	745
rinotuna	rinotuna	745
toraishi_666	toraishi_666	745
mizuryu_kei	mizuryu_kei	744
zekkyon	zekkyon	744
nahaki	nahaki	743
nullma	nullma	743
yun_cao_bing	yun_cao_bing	743
shiwasu_no_okina	shiwasu_no_okina	742
mikan_(chipstar182)	mikan_(chipstar182)	741
mei_(maysroom)	mei_(maysroom)	740
noyama_takenoko	noyama_takenoko	740
prywinko	prywinko	740
sakaki_imasato	sakaki_imasato	740
yoru_nai	yoru_nai	740
flasher_(flasher_ura)	flasher_(flasher_ura)	739
hanekoto	hanekoto	739
rin_yuu	rin_yuu	739
suurin_(ksyaro)	suurin_(ksyaro)	738
takatsuki_nato	takatsuki_nato	738
hisasi	hisasi	737
seijun	seijun	737
yanagi_wakana	yanagi_wakana	737
ameyama_denshin	ameyama_denshin	736
yomosaka	yomosaka	736
atg_(wttoo0202)	atg_(wttoo0202)	735
azuma_meri	azuma_meri	735
hone_kawa	hone_kawa	735
inanaki_shiki	inanaki_shiki	734
less	less	734
mibu_natsuki	mibu_natsuki	734
yuimisu	yuimisu	734
ame.	ame.	733
dede_(qwea_00000)	dede_(qwea_00000)	733
erubo	erubo	733
nora_higuma	nora_higuma	733
piripun	piripun	733
yamabukiiro	yamabukiiro	733
akeyama_kitsune	akeyama_kitsune	732
asanagi_shion	asanagi_shion	732
masara_(chuujou)	masara_(chuujou)	732
chiwino	chiwino	731
culter	culter	731
mitsurugi_sugar	mitsurugi_sugar	730
starraisins	starraisins	730
tsuruyama_(tenten)	tsuruyama_(tenten)	730
bakushi_(smys2017)	bakushi_(smys2017)	729
suo_bu_ye_feng	suo_bu_ye_feng	729
shinapuu	shinapuu	728
9law	9law	727
amazuki_jou	amazuki_jou	727
azatychan	azatychan	727
camonome	camonome	727
michael_f91	michael_f91	727
nedia_(nedia_region)	nedia_(nedia_region)	727
cofffee	cofffee	726
emily_(pure_dream)	emily_(pure_dream)	726
fun_bo	fun_bo	726
newo_(shinra-p)	newo_(shinra-p)	726
senri_gan	senri_gan	725
yuki_arare	yuki_arare	725
monori_rogue	monori_rogue	724
onono_imoko	onono_imoko	724
pokoten_(pokoten718)	pokoten_(pokoten718)	724
redjet	redjet	724
kuena	kuena	723
nakajima_yuka	nakajima_yuka	723
azumi_(myameco)	azumi_(myameco)	722
butterchalk	butterchalk	722
kaetzchen	kaetzchen	722
kamisimo_90	kamisimo_90	722
mefomefo	mefomefo	722
mikoyan	mikoyan	722
sazanami_mio	sazanami_mio	722
spindlesong	spindlesong	722
harimoji	harimoji	721
mashima_hiro	mashima_hiro	721
possummachine	possummachine	721
ri-net	ri-net	721
umishima_senbon	umishima_senbon	721
beijuu	beijuu	720
futatsuki_hisame	futatsuki_hisame	720
karutamo	karutamo	720
kenshin187	kenshin187	720
kumiko_shiba	kumiko_shiba	720
kuro_suto_sukii	kuro_suto_sukii	720
amezawa_koma	amezawa_koma	719
hatsunatsu	hatsunatsu	719
orizen	orizen	719
mochizuki_kei	mochizuki_kei	718
naokomama	naokomama	718
fukahire_(ruinon)	fukahire_(ruinon)	717
kamiyoshi_rika	kamiyoshi_rika	717
saigado	saigado	717
sorani_(kaeru0768)	sorani_(kaeru0768)	717
akchu	akchu	716
guweiz	guweiz	715
lunacle	lunacle	715
nanao_(mahaya)	nanao_(mahaya)	715
takaharu	takaharu	715
846-gou	846-gou	714
konosuba!_fantastic_days_art_team	konosuba!_fantastic_days_art_team	714
luke_(dydansgur)	luke_(dydansgur)	714
mikkoukun	mikkoukun	714
oso_(toolate)	oso_(toolate)	714
rindou_(radical_dream)	rindou_(radical_dream)	714
a-ka	a-ka	713
azuma_aya	azuma_aya	713
hiememiko	hiememiko	713
kagome_(traumatize)	kagome_(traumatize)	713
krekkov	krekkov	713
zen33n	zen33n	713
aoki_shizumi	aoki_shizumi	712
asakuraf	asakuraf	712
cafekun	cafekun	712
fathom	fathom	712
matsumoto_tomoyohi	matsumoto_tomoyohi	712
mochirong	mochirong	712
nakamura_regura	nakamura_regura	712
tsuranukko	tsuranukko	712
kuroi_mimei	kuroi_mimei	711
yukichi_(eikichi)	yukichi_(eikichi)	711
zasshu	zasshu	711
cura	cura	710
torimaru	torimaru	709
twrlare	twrlare	709
akitetsu	akitetsu	708
genzoman	genzoman	708
nekoda_(maoda)	nekoda_(maoda)	708
azumi_kazuki	azumi_kazuki	707
darkmaya	darkmaya	707
pottsness	pottsness	707
shnva	shnva	707
totokichi	totokichi	707
shepherd0821	shepherd0821	706
swordsouls	swordsouls	706
fuyumi_kazuki	fuyumi_kazuki	705
xingzhi_lv	xingzhi_lv	705
anbe_yoshirou	anbe_yoshirou	704
bae_(baebae)	bae_(baebae)	704
kokudou_juunigou	kokudou_juunigou	704
shpo	shpo	704
haniwa_(leaf_garden)	haniwa_(leaf_garden)	703
mistray-art	mistray-art	703
rui_shi_(rayze_ray)	rui_shi_(rayze_ray)	703
ainy	ainy	702
akasaai	akasaai	702
deco_(geigeki_honey)	deco_(geigeki_honey)	702
kikumaru_bunta	kikumaru_bunta	702
misaki_nonaka	misaki_nonaka	701
saipaco	saipaco	701
tomu_(tomubobu)	tomu_(tomubobu)	701
ashiomi_masato	ashiomi_masato	700
infukun	infukun	700
hood_(james_x)	hood_(james_x)	699
ironlily	ironlily	699
minew	minew	699
momisan	momisan	699
takase_muh	takase_muh	699
hidulume	hidulume	698
homura_subaru	homura_subaru	698
icomochi	icomochi	698
kotatsu_(g-rough)	kotatsu_(g-rough)	698
natsume_eri	natsume_eri	698
noripachi	noripachi	698
rouka_(akatyann)	rouka_(akatyann)	698
harano	harano	697
matanonki	matanonki	697
mosha	mosha	697
tofu_thunder	tofu_thunder	697
araneesama	araneesama	696
hxxg	hxxg	696
juurouta	juurouta	696
naru_(wish_field)	naru_(wish_field)	696
yasuyuki	yasuyuki	696
baileys_(tranquillity650)	baileys_(tranquillity650)	695
crow_(siranui)	crow_(siranui)	695
sakuya_tsuitachi	sakuya_tsuitachi	695
darjeeling_(reley)	darjeeling_(reley)	694
hitotose_rin	hitotose_rin	694
hu_dako	hu_dako	694
john_doe_(jdart)	john_doe_(jdart)	694
aosora2823	aosora2823	693
discount-supervillain	discount-supervillain	693
kamishima_kanon	kamishima_kanon	693
nakatani_nio	nakatani_nio	693
sirokuma_shake	sirokuma_shake	693
natsuya_(kuttuki)	natsuya_(kuttuki)	692
raine_(acke2445)	raine_(acke2445)	692
kannko_bokujou	kannko_bokujou	691
miura-n315	miura-n315	691
narue	narue	691
norigure18	norigure18	691
aelion_draws	aelion_draws	690
bekkankou	bekkankou	690
gabriel_evangel	gabriel_evangel	690
kadeart	kadeart	690
ge-b	ge-b	689
greatmosu	greatmosu	689
lainart	lainart	689
koflif	koflif	688
combos_&_doodles	combos_&_doodles	687
neko_majin	neko_majin	687
sako_(bosscoffee)	sako_(bosscoffee)	687
shiroshi_(denpa_eshidan)	shiroshi_(denpa_eshidan)	687
wool_(miwol)	wool_(miwol)	687
bunbun	bunbun	686
muchi_maro	muchi_maro	686
aoi_nagisa_(metalder)	aoi_nagisa_(metalder)	685
arano_oki	arano_oki	685
blvefo9	blvefo9	685
hizuki_akira	hizuki_akira	685
houraku	houraku	685
kelvin_hiu	kelvin_hiu	685
yasume_yukito	yasume_yukito	685
otu_(o2h2_oh4)	otu_(o2h2_oh4)	684
t1kosewad	t1kosewad	684
v-mag	v-mag	684
bluethebone	bluethebone	683
kaiga	kaiga	683
miya_(miyaruta)	miya_(miyaruta)	682
pan_(mimi)	pan_(mimi)	682
nagase_haruhito	nagase_haruhito	681
noshimurin	noshimurin	681
nui_(nuinui0300)	nui_(nuinui0300)	681
rampa93	rampa93	681
uni8	uni8	681
freng	freng	680
gaston18	gaston18	680
gomtang	gomtang	679
weee_(raemz)	weee_(raemz)	679
akiyama_enma	akiyama_enma	678
hiiragi_yuuichi	hiiragi_yuuichi	678
misaka_12003-gou	misaka_12003-gou	678
mondi_hl	mondi_hl	678
daydarion	daydarion	677
ejami	ejami	677
kaga3chi	kaga3chi	677
kamezaemon	kamezaemon	677
suzunone_rena	suzunone_rena	677
akashio_(loli_ace)	akashio_(loli_ace)	676
mikazuchi_zeus	mikazuchi_zeus	676
ryo_(tg290)	ryo_(tg290)	676
sasucchi95	sasucchi95	675
anmi	anmi	674
azusa_(hws)	azusa_(hws)	674
gibun_(sozoshu)	gibun_(sozoshu)	674
gishiki_(gshk)	gishiki_(gshk)	674
saitou_masatsugu	saitou_masatsugu	674
timbougami	timbougami	674
mayo_riyo	mayo_riyo	673
sasanon_(sasapoliton)	sasanon_(sasapoliton)	673
surippa1010	surippa1010	673
clamp_(circle)	clamp_(circle)	672
gsusart	gsusart	672
haku89	haku89	672
korie_riko	korie_riko	672
uenomigi	uenomigi	672
akadako	akadako	671
himura_moritaka	himura_moritaka	671
nishii_(damnedrive)	nishii_(damnedrive)	671
senomoto_hisashi	senomoto_hisashi	671
tatsumi_ray	tatsumi_ray	671
hiraga_matsuri	hiraga_matsuri	670
momoshiki_tsubaki	momoshiki_tsubaki	670
nishimata_aoi	nishimata_aoi	670
shikushiku_(amamori_weekly)	shikushiku_(amamori_weekly)	670
sugiyuu	sugiyuu	670
totatokeke	totatokeke	670
dars_(recolors)	dars_(recolors)	669
misekai_555	misekai_555	669
teshima_nari	teshima_nari	669
zannen_na_hito	zannen_na_hito	669
doyouwantto	doyouwantto	668
hanasaka_houcha	hanasaka_houcha	668
hyurasan	hyurasan	668
misteor	misteor	668
sugano_manami	sugano_manami	668
kinona	kinona	667
shinshin	shinshin	667
yuzuna99	yuzuna99	667
asazuki_norito	asazuki_norito	666
necro_(nekurodayo)	necro_(nekurodayo)	666
takaman_(gaffe)	takaman_(gaffe)	666
kanniiepan	kanniiepan	665
tony_guisado	tony_guisado	665
yamanashi_taiki	yamanashi_taiki	665
chiimako	chiimako	664
jason_(kaiten_kussaku_kikou)	jason_(kaiten_kussaku_kikou)	664
komori_kuzuyu	komori_kuzuyu	664
kotochi_re	kotochi_re	663
suminagashi	suminagashi	663
yanagi_(nurikoboshi)	yanagi_(nurikoboshi)	663
